{
  "sample": {
    "tti": [
      30,
      60,
      90
    ],
    "total_cell_tput": [
      367.3548049926758,
      399.90342903137207,
      418.5898132324219
    ],
    "total_ue_tput": [
      [
        35.32944107055664,
        48.755550384521484,
        29.945350646972656,
        47.38248825073242,
        40.185420989990234,
        47.044952392578125,
        41.695281982421875,
        41.021324157714844,
        13.163866996765137,
        22.831127166748047
      ],
      [
        40.19951248168945,
        61.209869384765625,
        34.22782897949219,
        49.76982116699219,
        44.67054748535156,
        49.06058883666992,
        39.945308685302734,
        42.016990661621094,
        15.614022254943848,
        23.188947677612305
      ],
      [
        41.54249572753906,
        53.683937072753906,
        35.10279083251953,
        55.388423919677734,
        41.34783172607422,
        60.170928955078125,
        45.748348236083984,
        45.57176971435547,
        17.60658836364746,
        22.426719665527344
      ]
    ],
    "avg_cell_tput": [
      12.245160166422526,
      13.330114301045736,
      13.952993774414063
    ],
    "avg_ue_tput": [
      [
        1.1776480674743652,
        1.6251850128173828,
        0.9981783628463745,
        1.579416275024414,
        1.3395140171051025,
        1.5681650638580322,
        1.3898427486419678,
        1.367377519607544,
        0.4387955665588379,
        0.7610375881195068
      ],
      [
        1.3399837017059326,
        2.0403289794921875,
        1.1409276723861694,
        1.6589940786361694,
        1.489018201828003,
        1.6353529691696167,
        1.331510305404663,
        1.4005663394927979,
        0.5204674005508423,
        0.7729648947715759
      ],
      [
        1.3847498893737793,
        1.7894645929336548,
        1.170093059539795,
        1.846280813217163,
        1.3782610893249512,
        2.005697727203369,
        1.5249449014663696,
        1.5190589427947998,
        0.5868862867355347,
        0.7475573420524597
      ]
    ],
    "alloc_counts": [
      [
        18.266666412353516,
        18.16666603088379,
        17.600000381469727,
        18.233333587646484,
        17.566667556762695,
        18.83333396911621,
        17.799999237060547,
        17.933332443237305,
        17.46666717529297,
        18.03333282470703
      ],
      [
        17.5,
        18.066667556762695,
        17.566667556762695,
        17.733333587646484,
        18.03333282470703,
        18.33333396911621,
        17.700000762939453,
        17.266666412353516,
        18.266666412353516,
        18.633333206176758
      ],
      [
        18.100000381469727,
        17.299999237060547,
        18.53333282470703,
        18.566667556762695,
        17.96666717529297,
        18.16666603088379,
        18.66666603088379,
        17.899999618530273,
        17.933332443237305,
        17.66666603088379
      ]
    ],
    "pf_utility": [
      1.391886591911316,
      2.2464466094970703,
      2.710696220397949
    ],
    "avg_layers_per_rbg": [
      9.994444444444444,
      9.950000000000001,
      10.044444444444444
    ]
  },
  "greedy": {
    "tti": [
      30,
      60,
      90
    ],
    "total_cell_tput": [
      1426.0580749511719,
      1416.5362930297852,
      1702.1897506713867
    ],
    "total_ue_tput": [
      [
        82.6578369140625,
        123.4074935913086,
        76.0798568725586,
        127.27568817138672,
        113.78421020507812,
        113.6673583984375,
        164.6865692138672,
        487.920166015625,
        43.59805679321289,
        92.98094940185547
      ],
      [
        82.6578369140625,
        118.46190643310547,
        76.0798568725586,
        127.27568817138672,
        113.76325988769531,
        109.11210632324219,
        164.6865692138672,
        487.920166015625,
        43.59805679321289,
        92.98094940185547
      ],
      [
        82.6578369140625,
        266.8294982910156,
        76.0798568725586,
        127.27568817138672,
        114.39187622070312,
        245.76962280273438,
        164.6865692138672,
        487.920166015625,
        43.59805679321289,
        92.98094940185547
      ]
    ],
    "avg_cell_tput": [
      47.53526916503906,
      47.21787643432617,
      56.73965835571289
    ],
    "avg_ue_tput": [
      [
        2.755261182785034,
        4.113583087921143,
        2.5359952449798584,
        4.242522716522217,
        3.792807102203369,
        3.788912057876587,
        5.4895524978637695,
        16.264005661010742,
        1.4532685279846191,
        3.099364995956421
      ],
      [
        2.755261182785034,
        3.948730230331421,
        2.5359952449798584,
        4.242522716522217,
        3.7921087741851807,
        3.6370701789855957,
        5.4895524978637695,
        16.264005661010742,
        1.4532685279846191,
        3.099364995956421
      ],
      [
        2.755261182785034,
        8.894316673278809,
        2.5359952449798584,
        4.242522716522217,
        3.8130624294281006,
        8.192320823669434,
        5.4895524978637695,
        16.264005661010742,
        1.4532685279846191,
        3.099364995956421
      ]
    ],
    "alloc_counts": [
      [
        17.96666717529297,
        18.96666717529297,
        10.0,
        10.0,
        9.966666221618652,
        17.03333282470703,
        18.0,
        12.0,
        16.0,
        17.0
      ],
      [
        18.0,
        19.0,
        9.0,
        11.0,
        11.0,
        17.0,
        16.0,
        11.0,
        15.0,
        15.0
      ],
      [
        17.0,
        18.0,
        10.0,
        12.0,
        9.0,
        18.0,
        13.0,
        11.0,
        16.0,
        15.0
      ]
    ],
    "pf_utility": [
      13.46555233001709,
      13.383566856384277,
      15.013114929199219
    ],
    "avg_layers_per_rbg": [
      8.16296296296296,
      7.888888888888887,
      7.722222222222227
    ]
  },
  "random": {
    "tti": [
      30,
      60,
      90
    ],
    "total_cell_tput": [
      380.99311351776123,
      416.0125617980957,
      399.215856552124
    ],
    "total_ue_tput": [
      [
        37.458770751953125,
        53.23496627807617,
        26.67026138305664,
        49.82141876220703,
        41.69218444824219,
        46.64295196533203,
        41.80723190307617,
        46.45280075073242,
        14.785812377929688,
        22.426721572875977
      ],
      [
        38.87676239013672,
        56.63689041137695,
        32.62269592285156,
        52.063270568847656,
        47.0017204284668,
        48.31655502319336,
        46.20455551147461,
        51.993675231933594,
        17.228199005126953,
        25.068239212036133
      ],
      [
        43.90458297729492,
        53.206993103027344,
        31.852863311767578,
        47.655311584472656,
        41.92961883544922,
        48.56680679321289,
        48.23270797729492,
        41.74580764770508,
        16.772750854492188,
        25.348426818847656
      ]
    ],
    "avg_cell_tput": [
      12.699770450592041,
      13.867085393269857,
      13.307195218404134
    ],