{
  "tti": [
    20,
    40,
    60,
    80
  ],
  "alpha": [
    1.0020076036453247,
    1.0040407180786133,
    1.0060803890228271,
    1.008123517036438
  ],
  "loss_q": [
    0.1847149133682251,
    0.09137255698442459,
    0.18306902050971985,
    0.21044671535491943
  ],
  "loss_pi": [
    -1.8246381282806396,
    -1.9142582416534424,
    -1.9952139854431152,
    -1.927453875541687
  ]
}