{
  "tti": [
    20,
    40,
    60,
    80,
    100,
    120,
    140,
    160,
    180,
    200,
    220,
    240,
    260,
    280,
    300,
    320,
    340,
    360,
    380
  ],
  "alpha": [
    1.0018070936203003,
    1.0038394927978516,
    1.0058960914611816,
    1.0079755783081055,
    1.0100740194320679,
    1.0121734142303467,
    1.0142730474472046,
    1.0163908004760742,
    1.0185167789459229,
    1.0206502676010132,
    1.0227864980697632,
    1.024928331375122,
    1.0270767211914062,
    1.0292302370071411,
    1.0314037799835205,
    1.0335670709609985,
    1.0357407331466675,
    1.037913203239441,
    1.0400581359863281
  ],
  "loss_q": [
    0.27076998353004456,
    0.26461705565452576,
    0.26567143201828003,
    0.28829142451286316,
    0.2813013195991516,
    0.26939451694488525,
    0.29531192779541016,
    0.26166513562202454,
    0.31318557262420654,
    0.24567875266075134,
    0.23984867334365845,
    0.23445232212543488,
    0.24021025002002716,
    0.28240257501602173,
    0.23915939033031464,
    0.2088736593723297,
    0.25412845611572266,
    0.20765520632266998,
    0.2557307183742523
  ],
  "loss_pi": [
    -1.4603939056396484,
    -1.497168779373169,
    -1.4706014394760132,
    -1.4676963090896606,
    -1.4833532571792603,
    -1.4752763509750366,
    -1.4756674766540527,
    -1.5020838975906372,
    -1.4866275787353516,
    -1.49418306350708,
    -1.4978084564208984,
    -1.504742980003357,
    -1.5034987926483154,
    -1.5425646305084229,
    -1.5007119178771973,
    -1.4859492778778076,
    -1.5408250093460083,
    -1.4879732131958008,
    -1.56688392162323
  ]
}